comments,dye,detect_ever,reject_buffer,notes,buffer too bad?,reject_buffer,maxed_out,protein_sensitive,Exp0521--NHR32LBD,Ds00009--0p01_TritonX100_in_P1,Ds00010--Hsp72_SBD,Ds00011--Tau_P301S,Exp0468--eIF2B_no_ISIB,Exp0469--eIF2B_with_ISRIB,Exp0486--Jdomain,Exp0497--Hsp60,Exp0503--FKBP12,Exp0507--Hsc70,Exp0595--ACD_domain_protein6,Exp0596--H104-FL-B5-pre-inc_protein5,Exp0598--FL-B5-pre-inc_protein2,Exp0610--B5_with_zinc,Exp0615--BSA,Exp0616--FKBP12,Exp0618--OLF,Exp0619--PPIE,Exp0620--NPAS2_PAS-A,Exp0621--PER2_PAS-AB_wt,Exp0622--CLOCK_PASB_W362A,Exp0623--CP_BMAL1_PASB_W427A,Exp0624--HisPER2_AB_I324N,Exp0625--CP581_CBPKIX,Exp0626--CP547_p300_KIX,Exp0627--HisSUMO,Exp0628--Hsp10,Exp0629--HisGB1,Exp0630--Hsp60,Exp0650--His_NusA,Exp0671--GS_WT,Exp0672--GS_R341C,Exp0673--GS_324S,Exp0674--GS_324C,Exp0701--B5-pre-inc_phosphomim_protein_4,Exp0707--DDM_buffer,Exp0710--Nucleosome,Exp0723--Retinoic_acid_receptor_alpha,Exp0727--Snf2h_dye_screen,Exp0729--Tau_mi_diamond_10uM,Exp0730--Tau_ms_diamond,Exp0731--OGlcNacTransferase,Exp0732--Widom_601_DNA,Exp0734--Tau_mi_diamond_1uM,Exp0535--free_aas_mix1_G,Exp0535--free_aas_mix2_CMLRG,Exp0535--free_aas_mix3_DESNQ,Exp0535--free_aas_mix4_AVILP,Exp0535--free_aas_mix5_FYWTH
0,A001,1,0,,0,FALSE,FALSE,FALSE,0,0,0,0,0,0,0,1,0,1,0,0,0,0,0,0,0,1,0,0,1,1,1,0,0,0,0,0,1,0,1,1,1,1,0,0,2,0,0,0,0,0,0,0,0,0,0,0,0
0,A002,1,0,,0,FALSE,FALSE,FALSE,1,0,0,0,0,0,0,1,0,1,0,0,0,0,0,0,1,1,0,0,1,0,1,0,0,0,0,0,1,1,0,1,1,1,2,2,1,0,0,0,0,0,0,0,2,0,0,0,0
seems nonsepcific to melting ,A003,1,0,,0,FALSE,FALSE,FALSE,1,0,0,0,0,0,2,1,1,1,0,0,0,0,0,0,0,0,0,1,0,0,0,1,2,0,0,0,1,1,1,1,1,1,0,0,1,1,0,1,0,1,0,1,0,0,0,0,0
0,A004,1,0,,0,FALSE,FALSE,FALSE,1,0,0,0,0,0,2,0,0,0,0,0,0,0,0,0,0,0,0,0,0,0,0,0,0,0,0,0,0,0,0,0,0,0,0,0,0,0,0,0,0,0,0,0,0,0,0,0,0
0,A005,1,0,,0,FALSE,FALSE,FALSE,0,0,0,0,0,0,0,0,0,0,0,0,0,0,0,0,0,0,0,1,0,0,0,0,0,0,0,0,0,0,2,2,2,2,0,0,0,0,0,0,0,0,0,0,0,0,0,0,0
0,A006,1,0,,0,FALSE,FALSE,FALSE,0,0,0,0,0,0,0,0,0,0,0,0,0,0,0,0,0,0,0,2,0,0,0,0,0,0,0,0,0,0,0,0,2,0,0,0,0,0,0,0,0,0,0,0,0,0,0,0,0
0,A007,1,1,,0,FALSE,FALSE,FALSE,0,0,0,0,0,0,0,0,0,0,0,0,0,0,0,0,0,0,0,0,0,0,0,0,0,0,0,0,0,0,0,0,0,0,0,0,0,0,0,0,0,2,0,0,2,0,0,0,0
0,A008,0,1,,0,FALSE,FALSE,FALSE,0,0,0,0,0,0,0,0,0,0,0,0,0,0,0,0,0,0,0,0,0,0,0,0,0,0,0,0,0,0,0,0,0,0,0,0,0,0,0,0,0,0,0,0,0,0,0,0,0
dim,A009,1,0,,0,FALSE,FALSE,FALSE,0,0,0,0,0,0,0,1,0,0,0,0,0,0,1,1,0,1,0,0,1,1,2,0,0,0,1,0,1,1,1,1,1,1,0,0,1,1,0,1,0,1,0,0,0,0,0,0,0
"buffer bad, consider removing though there are occaisonal hits",A010,1,1,,1,TRUE,FALSE,FALSE,0,0,0,0,0,0,0,0,0,1,0,0,0,0,2,1,1,1,0,0,1,1,2,2,0,0,0,0,0,1,1,2,2,2,2,1,2,2,1,1,1,0,1,1,2,0,0,0,0
0,A011,0,0,,0,FALSE,FALSE,FALSE,0,0,0,0,0,0,0,0,0,0,0,0,0,0,0,0,0,0,0,0,0,0,0,0,0,0,0,0,0,0,0,0,0,0,0,0,0,0,0,0,0,0,0,0,0,0,0,0,0
"buffer bad, consider removing though there are occaisonal hits",A012,1,1,,1,TRUE,FALSE,FALSE,0,0,0,0,0,0,0,0,0,0,0,0,0,0,0,0,0,0,0,0,0,0,0,0,0,0,0,0,0,0,0,0,0,0,0,0,0,0,0,0,0,0,0,0,0,0,0,0,0
0,A013,1,0,,0,FALSE,FALSE,FALSE,2,0,0,0,0,0,2,1,2,1,0,0,0,2,2,2,1,1,2,0,1,1,1,0,0,2,0,1,1,1,1,1,1,1,0,1,2,2,2,0,0,1,1,0,0,0,0,0,0
0,A014,1,0,,0,FALSE,FALSE,FALSE,1,0,0,0,2,2,2,1,2,1,2,2,2,2,2,2,1,1,1,0,1,1,1,0,0,2,0,2,1,1,1,1,1,1,2,1,2,1,2,2,0,1,1,0,0,0,0,0,0
some buffer problems but good transitions,A015,1,0,,0,FALSE,FALSE,FALSE,2,0,0,0,2,2,0,1,2,1,0,0,0,0,2,2,1,2,1,2,1,1,1,0,0,0,0,0,1,1,1,1,1,1,2,1,2,2,0,0,0,2,1,0,0,0,0,0,0
0,A016,1,0,,0,FALSE,FALSE,FALSE,2,0,0,0,2,2,0,1,0,1,0,2,0,0,2,0,2,1,1,0,1,2,1,0,0,0,0,0,1,1,1,1,1,1,0,1,2,1,1,2,0,1,2,0,0,0,0,0,0
bad buffer,A017,0,1,,1,TRUE,FALSE,FALSE,0,0,0,0,0,0,0,0,0,0,0,0,0,0,0,0,0,0,0,0,0,0,0,0,0,0,0,0,0,0,0,0,0,0,0,0,0,0,0,0,0,0,0,0,2,0,0,0,0
bad buffer,A018,0,1,,1,TRUE,FALSE,FALSE,0,0,0,0,0,0,0,0,0,0,0,0,0,0,0,0,0,0,0,0,0,0,0,0,0,0,0,0,0,0,0,0,0,0,0,0,0,0,0,0,0,0,0,0,0,0,0,0,0
bad buffer,A019,1,1,,1,TRUE,FALSE,FALSE,0,0,0,0,0,0,0,0,0,0,0,0,0,0,0,0,0,0,0,0,0,0,0,0,0,0,0,0,0,0,0,0,0,0,0,0,0,0,0,0,0,0,0,0,0,0,0,0,0
0,A020,1,0,,0,FALSE,FALSE,FALSE,1,0,0,0,1,1,0,0,0,1,0,0,0,0,0,0,1,1,1,0,1,1,1,0,0,0,0,2,1,1,1,1,1,1,2,1,2,2,0,0,0,0,1,0,0,0,0,0,0
"weird buffer, maybe enough to reject?",A021,1,1,"eh, how bad is buffer",-1,FALSE,FALSE,TRUE,0,0,0,0,0,0,0,2,0,1,2,2,2,2,2,2,2,2,2,2,1,2,2,2,2,0,2,2,2,2,2,2,2,2,0,1,2,0,0,0,0,0,0,0,2,2,2,2,2
weird FAM buffer,A022,1,0,,0,FALSE,FALSE,FALSE,1,0,0,0,2,2,0,1,2,1,0,0,0,0,0,0,1,1,1,2,1,1,1,0,0,0,0,0,1,1,1,1,1,1,2,1,2,2,1,0,0,1,1,0,0,0,0,0,0
0,A023,1,0,,0,FALSE,FALSE,FALSE,0,0,0,2,2,2,0,1,2,1,2,2,2,2,2,2,2,0,0,2,0,0,1,2,2,2,2,2,1,0,2,0,2,0,2,1,0,1,2,2,0,2,2,2,0,0,0,0,0
0,A024,1,0,,0,FALSE,FALSE,FALSE,1,0,0,0,0,0,2,1,2,1,0,0,0,0,0,0,1,1,1,2,1,0,1,0,0,0,0,0,1,1,1,1,1,1,0,1,2,2,0,0,0,2,1,0,0,0,0,0,0
weird FAM buffer,A025,0,0,,0,FALSE,FALSE,FALSE,0,0,0,0,0,0,0,0,0,0,0,0,0,0,0,0,0,0,0,2,0,0,0,0,0,0,0,0,0,0,0,0,0,0,0,0,0,0,0,0,0,0,0,0,0,0,0,0,0
0,AW131,1,0,,0,FALSE,FALSE,FALSE,0,0,0,0,0,0,0,0,0,0,0,0,0,0,0,0,0,0,0,0,0,0,0,0,0,0,0,0,0,0,0,0,0,0,0,0,0,2,0,0,0,0,0,0,0,0,0,0,0
0,AW132,1,0,,0,FALSE,FALSE,FALSE,0,0,0,0,0,0,0,0,0,0,0,0,0,0,0,0,0,0,0,0,0,0,0,0,0,0,0,0,0,0,0,0,0,0,0,0,0,2,0,0,0,0,1,0,0,0,0,0,0
0,AW134,1,0,,0,FALSE,FALSE,FALSE,0,0,0,2,0,0,0,0,0,0,0,0,0,0,0,0,0,0,0,0,0,0,0,0,0,0,0,0,0,0,0,0,0,0,0,0,0,2,2,1,0,2,1,1,0,0,0,0,0
weird/bad buffer but some interesting behaviors,C001,1,1,"eh, how bad is buffer",-1,FALSE,FALSE,TRUE,0,0,0,2,0,0,0,0,0,0,0,0,0,0,0,0,0,0,0,0,0,0,1,0,0,0,0,2,2,0,1,1,1,1,0,0,0,0,0,0,0,0,0,0,0,2,0,0,0
0,C002,0,0,,0,FALSE,FALSE,FALSE,0,0,0,0,0,0,0,0,0,0,0,0,0,0,0,0,0,0,0,0,0,0,0,0,0,0,0,0,0,0,0,0,0,0,0,0,0,0,0,0,0,0,0,0,0,0,0,0,0
super dim,C003,1,0,,0,FALSE,FALSE,FALSE,0,0,0,0,0,0,2,0,0,1,0,0,0,0,0,0,0,0,0,0,1,1,1,0,0,0,0,0,1,0,1,1,1,1,0,0,0,0,0,0,0,0,0,0,0,0,0,0,0
0,C004,0,0,,0,FALSE,FALSE,FALSE,0,0,0,0,0,0,0,0,0,0,0,0,0,0,0,0,0,0,0,0,0,0,0,0,0,0,0,0,0,0,0,0,0,2,0,0,0,0,0,0,0,0,0,0,0,0,0,0,0
0,C005,1,0,low signal,0,FALSE,FALSE,FALSE,0,0,0,0,0,0,0,0,0,0,0,0,0,0,0,0,0,0,0,0,0,0,0,0,0,0,0,0,0,0,0,0,0,0,0,0,0,0,0,0,0,0,0,0,0,0,0,0,0
0,C006,0,0,,0,FALSE,FALSE,FALSE,0,0,0,0,0,0,0,0,0,0,0,0,0,0,0,0,0,0,0,0,0,0,0,0,0,0,0,0,0,0,0,0,0,0,0,0,0,0,0,0,0,0,0,0,0,0,0,0,0
0,C007,0,0,,0,FALSE,FALSE,FALSE,0,0,0,0,0,0,0,0,0,0,0,0,0,0,0,0,0,0,0,0,0,0,0,0,0,0,0,0,0,0,0,0,0,0,0,0,0,0,0,0,0,0,0,0,0,0,0,0,0
0,C008,0,0,,0,FALSE,FALSE,FALSE,0,0,0,0,0,0,0,0,0,0,0,0,0,0,0,0,0,0,0,0,0,0,0,0,0,0,0,0,0,0,0,0,0,0,0,0,0,0,0,0,0,0,0,0,0,0,0,0,0
0,C009,1,0,quenching hit,0,FALSE,FALSE,FALSE,0,0,0,0,0,0,0,0,0,2,0,0,0,0,1,2,2,2,0,0,0,2,2,0,0,0,2,0,2,2,2,2,2,2,0,0,2,2,0,0,0,0,0,0,0,0,0,0,0
super dim,C010,1,0,,0,FALSE,FALSE,FALSE,2,0,0,0,0,0,0,0,0,2,0,0,0,0,0,0,0,1,0,0,1,1,0,0,0,0,0,0,1,0,1,1,1,1,1,0,0,0,0,0,0,0,0,0,0,0,0,0,0
0,C011,0,0,,0,FALSE,FALSE,FALSE,0,0,0,0,0,0,0,0,0,0,0,0,0,0,0,0,0,0,0,0,0,0,0,0,0,0,0,0,0,0,0,0,0,0,0,0,0,0,0,0,0,0,0,0,0,0,0,0,0
0,C012,0,0,,0,FALSE,FALSE,FALSE,0,0,0,0,0,0,0,0,0,0,0,0,0,0,0,0,0,0,0,0,0,0,0,0,0,0,0,0,0,0,0,0,0,0,0,0,0,0,0,0,0,0,0,0,0,0,0,0,0
0,C013,0,0,,0,FALSE,FALSE,FALSE,0,0,0,0,0,0,0,0,0,0,0,0,0,0,0,0,0,0,0,0,0,0,0,0,0,0,0,0,0,0,0,0,0,0,0,0,0,0,0,0,0,0,0,0,0,0,0,0,0
0,C014,0,0,,0,FALSE,FALSE,FALSE,0,0,0,0,0,0,0,0,0,0,0,0,0,0,0,0,0,0,0,0,0,0,0,0,0,0,0,0,0,0,0,0,0,0,0,0,0,0,0,0,0,0,0,0,0,0,0,0,0
0,C015,1,0,,0,FALSE,FALSE,FALSE,0,0,0,0,0,0,0,0,0,0,0,0,0,0,0,0,0,0,0,0,0,0,0,0,0,0,0,0,0,0,0,0,0,0,0,0,0,0,0,0,0,1,0,0,0,0,0,0,0
0,C016,0,0,,0,FALSE,FALSE,FALSE,0,0,0,0,0,0,0,0,0,0,0,0,0,0,0,0,0,0,0,0,0,0,0,0,0,0,0,0,0,0,0,0,0,0,0,0,0,0,0,0,0,0,0,0,0,0,0,0,0
0,C017,0,0,,0,FALSE,FALSE,FALSE,0,0,0,0,0,0,0,0,0,0,0,0,0,0,0,0,0,0,0,0,0,0,0,0,0,0,0,0,0,0,0,0,0,0,0,0,0,0,0,0,0,0,0,0,0,0,0,0,0
0,C018,1,0,,0,FALSE,FALSE,FALSE,1,0,0,0,0,0,0,0,0,1,0,0,0,2,2,0,0,2,2,0,1,2,2,2,2,2,2,2,2,2,2,2,2,2,2,1,0,0,0,0,0,2,0,0,2,0,0,0,0
bad buffer,C019,1,1,,0,FALSE,FALSE,FALSE,0,0,0,0,0,0,0,1,0,2,0,0,0,0,0,0,0,2,0,0,2,1,1,0,0,0,0,0,0,0,2,2,2,2,0,0,0,1,0,0,0,0,0,0,0,0,0,0,0
0,C020,0,0,,0,FALSE,FALSE,FALSE,0,0,0,0,0,0,0,0,0,0,0,0,0,0,0,0,0,0,0,0,0,0,0,0,0,0,0,0,0,0,0,0,0,0,0,0,0,0,0,0,0,0,0,0,0,0,0,0,0
0,C021,0,0,,0,FALSE,FALSE,FALSE,0,0,0,0,0,0,0,0,0,0,0,0,0,0,0,0,0,0,0,0,0,0,0,0,0,0,0,0,0,0,0,0,0,0,0,0,0,0,0,0,0,0,0,0,0,0,0,0,0
0,C022,1,0,,0,FALSE,FALSE,FALSE,0,0,0,0,0,0,0,0,0,0,0,0,0,0,0,0,0,0,0,0,0,0,0,0,0,0,0,0,0,0,0,0,0,0,0,0,0,0,0,0,0,1,0,0,0,0,0,0,0
0,L001,1,0,one true love,0,FALSE,FALSE,FALSE,0,0,0,0,0,0,0,0,0,0,0,0,0,0,0,0,0,0,0,1,0,0,0,0,0,0,0,0,0,0,0,0,0,0,0,0,0,0,0,0,0,0,0,0,0,0,0,0,0
0,L002,0,0,Per2?,0,FALSE,FALSE,FALSE,0,0,0,0,0,0,0,0,0,0,0,0,0,0,0,0,0,0,0,1,0,0,0,0,0,0,0,0,0,0,0,0,0,0,0,0,0,0,0,0,0,0,0,0,0,0,0,0,0
0,L003,0,0,Per2?,0,FALSE,FALSE,FALSE,0,0,0,0,0,0,0,0,0,0,0,0,0,0,0,0,0,0,0,2,0,0,0,0,0,0,0,0,0,0,0,0,0,0,0,0,0,0,0,0,0,0,0,0,0,0,0,0,0
0,L004,0,0,Per2?,0,FALSE,FALSE,FALSE,0,0,0,0,0,0,0,0,0,0,0,0,0,0,0,0,0,0,0,2,0,0,0,0,0,0,0,0,0,0,0,0,0,0,0,0,0,0,0,0,0,0,0,0,0,0,0,0,0
0,L005,0,0,Per2?,0,FALSE,FALSE,FALSE,0,0,0,0,0,0,0,0,0,0,0,0,0,0,0,0,0,0,0,2,0,0,0,0,0,0,0,0,0,0,0,0,0,0,0,0,0,0,0,0,0,0,0,0,0,0,0,0,0
0,L006,0,0,Per2?,0,FALSE,FALSE,FALSE,0,0,0,0,0,0,0,0,0,0,0,0,0,0,0,0,0,0,0,2,0,0,0,0,0,0,0,0,0,0,0,0,0,0,0,2,0,0,0,0,0,0,2,0,0,0,0,0,0
0,L007,0,0,,1,TRUE,FALSE,FALSE,0,0,0,0,0,0,0,0,0,0,0,0,0,0,0,0,0,0,0,0,0,0,0,0,0,0,0,0,0,0,0,0,0,0,0,0,0,0,0,0,0,0,0,0,0,0,0,0,0
0,L008,0,0,Per2?,0,FALSE,FALSE,FALSE,0,0,0,0,0,0,0,0,0,0,0,0,0,0,0,0,0,0,0,1,0,0,0,0,0,0,0,0,0,0,0,0,0,0,0,0,0,0,0,0,0,0,0,0,0,0,0,0,0
0,L009,1,0,,0,FALSE,FALSE,FALSE,0,0,0,0,0,0,0,0,0,0,0,0,0,0,0,0,0,0,0,0,0,0,0,0,0,0,0,0,0,0,0,0,2,0,0,0,0,0,0,0,0,0,0,0,0,0,0,0,0
0,L010,0,0,,0,FALSE,FALSE,FALSE,0,0,0,0,0,0,0,0,0,0,0,0,0,0,0,0,0,0,0,0,0,0,0,0,0,0,0,0,0,0,0,0,0,0,0,0,0,1,0,0,0,0,0,0,0,0,0,0,0
0,L011,0,0,,0,FALSE,FALSE,FALSE,0,0,0,0,0,0,0,0,0,0,0,0,0,0,0,0,0,0,0,0,0,0,0,0,0,0,0,0,0,0,0,0,0,0,0,0,0,0,0,0,0,0,0,0,0,0,0,0,0
0,L012,0,0,,0,FALSE,FALSE,FALSE,0,0,0,0,0,0,0,0,0,0,0,0,0,0,0,0,0,0,0,0,0,0,0,0,0,0,0,0,0,0,0,0,0,0,0,0,0,0,0,0,0,0,0,0,0,0,0,0,0
0,L013,0,0,,0,FALSE,FALSE,FALSE,0,0,0,0,0,0,0,0,0,0,0,0,0,0,0,0,0,0,0,0,0,0,0,0,0,0,0,0,0,0,0,0,0,0,0,0,0,0,0,0,0,0,0,0,0,0,0,0,0
0,L014,0,0,,1,TRUE,FALSE,FALSE,0,0,0,0,0,0,0,0,0,0,0,0,0,0,0,0,0,0,0,2,0,0,0,0,0,0,0,0,0,0,0,0,0,0,0,0,0,0,0,0,0,0,0,0,0,0,0,0,0
0,L015,0,0,,1,TRUE,FALSE,FALSE,0,0,0,0,0,0,0,0,0,0,0,0,0,2,0,0,0,0,0,0,0,0,0,0,0,0,0,0,0,0,0,0,0,2,2,0,0,0,0,0,0,0,0,0,0,0,0,0,0
bad buffer high detection,L016,0,0,,1,TRUE,FALSE,FALSE,0,0,0,2,0,0,0,0,0,0,0,0,2,2,2,2,2,2,2,2,2,2,2,2,2,2,2,2,2,2,2,2,2,2,2,1,2,2,2,0,0,0,2,2,0,0,0,0,0
weird bad dye,L017,0,0,,1,TRUE,FALSE,FALSE,0,0,0,0,0,0,0,0,0,0,0,2,0,0,0,0,0,2,2,2,0,2,2,0,0,0,0,0,0,0,2,2,2,0,0,1,2,0,0,2,2,0,2,0,0,0,0,0,0
bad buffer,L018,0,0,,1,TRUE,FALSE,FALSE,0,2,0,0,0,0,0,0,0,0,0,0,0,0,0,0,0,0,0,0,0,0,0,0,0,0,0,0,0,0,0,0,0,0,0,2,0,2,0,0,0,0,2,0,0,0,0,0,0
high FAM buffer,L019,0,0,,0,FALSE,FALSE,FALSE,0,0,0,0,0,0,0,0,0,0,0,0,0,0,0,0,0,0,0,2,0,0,0,0,0,0,0,0,0,0,0,0,0,0,0,0,0,0,0,0,0,0,0,0,0,0,0,0,0
high FAM buffer,L020,0,0,,1,TRUE,FALSE,FALSE,0,0,0,0,0,0,0,0,0,0,0,0,0,0,0,0,0,0,0,2,0,0,0,0,0,0,0,0,0,0,2,2,2,2,0,0,0,0,0,0,0,0,0,0,0,0,0,0,0
max out FAM buffer,L021,0,0,,-2,FALSE,TRUE,FALSE,0,0,0,0,0,0,0,0,0,0,0,2,0,0,0,0,0,0,0,2,0,0,0,0,0,0,0,0,0,0,0,0,0,0,0,0,0,0,0,0,0,0,0,0,0,0,0,0,0
bad buffer,L022,0,0,,1,TRUE,FALSE,FALSE,0,0,0,0,0,0,0,0,0,0,0,0,2,0,0,0,0,0,0,2,0,0,0,0,0,0,0,0,0,0,0,0,0,0,0,0,0,0,0,0,0,0,0,0,0,0,0,0,0
max out FAM buffer,L023,0,0,,0,FALSE,FALSE,FALSE,0,0,0,0,0,0,0,0,0,0,0,0,0,0,0,0,0,0,0,2,0,0,0,0,0,0,0,0,0,0,0,0,0,0,0,0,0,0,0,0,0,0,0,0,0,0,0,0,0
max out FAM buffer,L024,0,0,,-2,FALSE,TRUE,FALSE,0,0,0,0,0,0,0,0,0,0,0,2,0,0,0,0,0,0,0,2,0,0,0,0,0,0,0,0,0,0,0,0,0,0,0,0,0,0,0,0,0,0,0,0,0,0,0,0,0
bad FAM buffer,L025,0,0,,1,TRUE,FALSE,FALSE,0,0,0,0,0,0,0,0,0,0,0,2,0,0,0,0,0,0,0,0,0,0,0,0,0,0,0,0,0,0,0,0,0,0,0,0,2,0,0,0,0,0,0,0,0,0,0,0,0
bad FAM buffer,L026,1,1,good example,1,TRUE,FALSE,FALSE,0,0,2,2,0,0,0,0,0,0,0,2,0,0,0,0,0,0,0,0,2,1,1,0,0,2,2,0,2,2,2,2,2,2,0,2,0,2,0,2,2,2,0,2,0,0,0,0,0
equally quenched by all proteins,L027,0,0,,-2,FALSE,TRUE,FALSE,0,0,0,0,0,0,0,0,0,0,0,0,0,0,0,0,0,0,0,0,0,0,0,0,0,0,0,0,0,0,0,0,0,0,0,0,0,0,0,0,0,0,0,0,0,0,0,0,0
max out FAM buffer,L028,0,0,,-2,FALSE,TRUE,FALSE,0,0,0,0,0,0,0,0,0,0,0,2,0,0,0,0,0,0,0,0,0,0,0,0,0,0,0,0,0,0,0,0,0,0,0,0,0,0,0,0,0,0,0,0,0,0,0,0,0
max out FAM buffer,L029,0,0,,-2,FALSE,TRUE,FALSE,0,0,0,0,0,0,0,0,0,0,2,0,0,2,0,0,0,0,0,0,0,0,0,0,0,0,0,0,0,0,0,0,0,0,0,0,0,0,0,0,2,0,0,0,0,0,0,0,0
"weird high FAM buffer, widely protein sensitive",L030,1,1,,1,TRUE,FALSE,FALSE,0,0,0,0,0,0,0,0,0,0,0,0,0,0,0,0,0,0,0,0,0,0,0,0,0,0,0,0,0,0,0,0,0,0,0,0,0,0,0,0,0,0,0,0,0,0,0,0,0
"weird high FAM buffer, widely protein sensitive",L031,1,1,,-1,FALSE,FALSE,TRUE,0,0,0,0,0,0,0,0,0,0,0,2,2,2,0,2,2,2,0,2,2,0,2,0,2,0,2,2,2,0,2,2,2,2,2,2,2,2,2,0,0,0,2,0,0,0,0,0,0
"weird high FAM buffer, widely protein sensitive",L032,0,0,,0,FALSE,FALSE,FALSE,0,2,0,2,0,0,0,0,0,0,2,2,2,2,0,0,0,0,0,0,2,2,0,2,0,0,0,0,0,0,0,0,2,0,0,2,0,2,2,2,2,2,2,2,0,0,0,0,0
"weird high FAM buffer, widely protein sensitive",L033,0,0,,-1,FALSE,FALSE,TRUE,0,0,0,0,0,0,0,0,0,0,2,2,0,0,0,0,0,0,0,0,0,0,0,0,0,0,0,0,0,0,2,2,2,2,2,2,0,0,0,0,0,0,0,0,0,0,0,0,0
"weird high FAM buffer, widely protein sensitive",L034,0,0,,1,TRUE,FALSE,FALSE,0,0,0,0,0,0,0,0,0,0,0,0,0,0,0,0,0,0,0,0,0,0,0,0,0,0,0,0,0,0,0,0,0,0,0,0,0,0,0,0,0,0,0,0,0,0,0,0,0
"weird high FAM buffer, widely protein sensitive",L035,1,1,maybe never hit,1,TRUE,FALSE,FALSE,0,0,2,0,0,0,0,0,0,0,2,2,2,2,2,2,2,2,2,2,2,2,2,2,2,2,2,2,2,2,2,2,2,2,2,2,2,2,2,2,2,2,2,2,0,0,0,0,0
weird high FAM with lower protein sensitivity,L036,0,0,,1,TRUE,FALSE,FALSE,0,0,0,0,0,0,0,0,0,0,0,0,0,0,0,0,0,0,0,0,0,0,0,0,0,0,0,0,0,0,0,0,0,0,0,0,0,0,0,0,0,0,0,0,0,0,0,0,0
bad buffer,L037,0,0,,1,TRUE,FALSE,FALSE,0,0,0,0,0,0,0,0,0,0,0,0,0,0,0,0,0,0,0,0,0,0,0,0,0,0,0,0,0,0,0,0,2,2,0,2,2,0,2,0,0,0,0,0,0,0,0,0,0
bad buffer,L038,0,0,,-1,FALSE,FALSE,TRUE,0,0,0,0,0,0,0,0,0,0,0,0,0,0,0,0,0,0,0,0,0,0,0,0,0,0,0,0,0,0,0,0,0,0,0,0,0,0,0,0,0,0,0,0,0,0,0,0,0
weird buffer with high proten sensitivity,L039,1,1,,-1,FALSE,FALSE,TRUE,0,0,0,0,0,0,0,0,0,0,0,0,0,0,0,0,0,0,0,0,0,0,0,0,0,0,0,0,0,0,0,0,0,0,0,0,0,0,0,0,0,0,0,0,0,0,0,0,0
weird sigmoid buffer,L040,1,1,only some buffers,-1,FALSE,FALSE,TRUE,0,0,0,0,0,0,0,0,0,0,0,0,0,0,0,0,0,2,0,0,0,0,0,0,0,0,0,0,0,0,0,0,0,0,0,0,0,0,0,2,2,0,0,0,0,0,0,0,0
weird sigmoid buffer,L041,0,0,,-1,FALSE,FALSE,TRUE,0,0,0,0,0,0,0,0,0,0,2,2,2,0,0,0,0,2,0,0,0,2,2,2,0,0,0,0,2,0,2,0,0,0,0,2,0,2,0,2,0,0,2,2,0,0,0,0,0
weird doubletransition sigmoid buffer,L042,0,0,,1,TRUE,FALSE,FALSE,0,0,0,0,0,0,0,0,0,0,2,0,0,0,0,0,0,0,0,0,0,0,0,0,0,0,0,0,0,0,0,0,0,0,0,0,0,0,2,0,0,0,0,0,0,0,0,0,0
max out FAM buffer,L043,1,1,"onlyBSA, good example?",1,TRUE,FALSE,FALSE,0,0,0,0,0,0,0,0,0,0,0,2,0,0,2,0,0,0,0,0,0,0,0,0,0,0,0,0,0,0,0,0,0,0,0,0,0,0,0,0,0,0,0,0,0,0,0,0,0
max out FAM buffer,L044,1,0,,1,TRUE,FALSE,FALSE,0,0,0,0,0,0,0,0,0,0,0,2,0,0,0,0,0,0,0,0,0,0,0,0,0,0,0,0,0,0,0,0,0,0,0,0,0,0,0,0,0,0,0,0,0,0,0,0,0
looks very similar for most proteins,L045,1,1,maybe ok?,-1,FALSE,FALSE,TRUE,0,2,0,2,0,0,0,0,0,0,0,0,0,0,0,0,0,2,0,0,2,2,0,2,2,0,0,2,2,0,2,2,2,0,0,0,0,2,2,2,2,2,2,2,0,0,0,0,0
high buffer but some decent transitions on top of it,L046,1,1,good example,-1,FALSE,FALSE,TRUE,0,0,0,0,0,0,0,0,0,0,0,0,0,0,0,0,0,0,0,2,0,0,0,0,0,0,0,0,0,0,2,2,2,2,2,2,1,2,0,0,0,0,0,0,0,0,0,0,0
max out FAM buffer,L047,0,0,,-2,FALSE,TRUE,FALSE,0,0,0,0,0,0,0,0,0,0,0,2,0,0,0,0,0,0,0,0,0,0,0,0,0,0,0,0,0,0,0,0,0,0,0,0,0,0,0,0,0,0,0,0,0,0,0,0,0
max out FAM buffer,L048,0,0,,-2,FALSE,TRUE,FALSE,0,0,0,0,0,0,0,0,0,0,0,2,0,0,0,0,0,0,0,0,0,0,0,0,0,0,0,0,0,0,0,0,0,0,0,0,0,0,0,0,0,0,0,0,0,0,0,0,0
crazy buffer,L049,0,0,,1,TRUE,FALSE,FALSE,0,0,0,0,0,0,0,0,0,0,0,2,0,0,0,0,0,0,0,0,0,0,0,0,0,0,0,0,0,0,0,0,0,0,0,0,0,0,0,0,0,0,0,0,0,0,0,0,0
0,L050,1,1,quenching hit,-1,FALSE,FALSE,TRUE,0,0,0,0,0,0,0,0,0,0,0,2,0,0,0,0,0,0,0,0,0,0,0,0,0,0,0,0,0,0,0,0,0,0,0,0,0,0,0,0,0,0,0,0,0,0,0,0,0
0,L051,1,1,,-1,FALSE,FALSE,TRUE,0,0,0,0,0,0,0,0,0,0,0,2,0,0,0,0,0,0,0,0,0,0,0,0,0,0,0,0,0,0,0,0,0,0,0,0,0,0,0,0,0,0,0,0,0,0,0,0,0
0,L052,1,1,,-1,FALSE,FALSE,TRUE,0,0,0,0,0,0,0,0,0,0,0,2,0,0,0,0,0,0,0,0,0,0,0,0,0,0,0,0,0,0,0,0,0,0,0,0,0,0,0,0,0,0,0,0,0,0,0,0,0
0,L053,1,1,,-1,FALSE,FALSE,TRUE,0,0,0,0,0,0,0,0,0,0,0,2,0,0,0,0,0,0,0,0,0,0,0,0,0,0,0,0,0,0,0,0,0,0,0,0,2,2,0,2,2,0,2,0,0,0,0,0,0
0,L054,1,1,low signal hits,1,TRUE,FALSE,FALSE,0,0,0,0,0,0,0,0,0,0,0,0,0,0,0,0,0,0,0,0,0,0,0,0,0,0,0,0,0,0,0,0,0,0,0,0,0,0,0,0,0,0,0,0,0,0,0,0,0
0,L055,1,1,low signal hits,1,TRUE,FALSE,FALSE,0,0,0,0,0,0,0,0,0,0,0,0,0,0,0,0,0,0,0,0,0,0,0,0,0,0,0,0,0,0,0,0,0,0,0,0,0,0,0,0,0,0,0,0,0,0,0,0,0
0,L056,1,1,low signal hits,1,TRUE,FALSE,FALSE,0,0,0,0,0,0,0,0,0,0,0,0,0,0,0,0,0,0,0,0,0,0,0,0,0,0,0,0,0,0,0,0,0,0,0,0,0,0,0,0,0,0,0,0,0,0,0,0,0
0,L057,1,1,low signal hits,1,TRUE,FALSE,FALSE,0,0,0,0,0,0,0,0,0,0,0,0,0,0,0,0,0,0,0,0,0,0,0,0,0,0,0,0,0,0,0,0,0,0,0,0,0,0,0,0,0,0,0,0,0,0,0,0,0
0,L058,0,0,,1,TRUE,FALSE,FALSE,0,0,0,0,0,0,0,0,0,0,0,0,0,0,0,0,0,0,0,0,0,0,0,0,0,0,0,0,0,0,0,0,0,0,0,0,0,0,0,0,0,0,0,0,0,0,0,0,0
0,L059,0,0,,-1,FALSE,FALSE,TRUE,0,0,0,0,0,0,0,0,0,0,0,0,0,0,0,0,0,0,0,0,0,0,0,0,0,0,0,0,0,0,0,0,0,0,0,0,0,0,0,0,0,0,0,0,0,0,0,0,0
0,L060,1,0,great outside of JOE,-1,FALSE,FALSE,TRUE,0,0,0,0,0,0,0,0,0,0,0,0,0,0,0,0,1,1,1,0,1,1,1,0,0,0,0,0,1,1,1,1,1,1,2,0,2,0,0,0,0,1,1,0,0,0,0,0,0
crazy buffer,L061,1,1,,-1,FALSE,FALSE,TRUE,0,0,0,0,0,0,0,0,0,0,0,0,0,0,0,0,0,0,0,0,0,0,0,0,0,0,0,0,0,0,0,0,0,0,0,0,0,0,0,0,0,0,0,0,0,0,0,0,0
0,L062,1,0,,0,FALSE,FALSE,FALSE,0,0,0,0,0,0,0,0,0,0,2,2,2,0,1,2,2,2,0,0,2,2,2,0,0,0,0,0,1,1,1,1,1,1,2,2,2,1,0,0,0,1,1,0,0,0,0,0,0
0,L063,1,0,,0,FALSE,FALSE,FALSE,0,0,2,2,0,0,0,0,0,0,0,0,0,0,2,0,0,1,1,2,2,2,1,0,0,0,0,0,1,1,1,1,1,1,0,2,1,2,2,2,0,0,2,2,0,0,0,0,0
0,L064,1,0,,0,FALSE,FALSE,FALSE,0,0,0,0,0,0,0,0,0,0,0,0,0,0,1,0,0,0,0,0,0,0,2,0,0,0,0,0,1,1,1,1,1,1,0,2,0,2,0,0,0,0,0,0,0,0,0,0,0
crazy buffer,L065,1,1,in TAMRA,0,FALSE,FALSE,FALSE,0,0,0,0,0,0,0,0,0,0,0,0,0,0,0,0,0,0,0,0,0,0,0,0,0,0,0,0,0,0,0,0,0,0,0,0,0,0,0,0,0,0,0,0,0,0,0,0,0
0,L066,0,0,,0,FALSE,FALSE,FALSE,0,0,0,0,0,0,0,0,0,0,0,0,0,0,0,0,0,0,0,0,0,0,0,0,0,0,0,0,0,0,0,0,0,0,0,2,0,0,0,0,0,0,2,0,0,0,0,0,0
"crazy buffer, quenching hits",L067,1,1,quenching hit great example,-1,FALSE,FALSE,TRUE,0,0,0,0,0,0,0,0,0,0,0,2,0,0,0,0,0,2,0,0,2,2,2,0,0,0,0,0,0,2,2,2,2,2,0,2,0,0,0,0,0,0,2,0,0,0,0,0,0
crazy buffer,L068,1,1,,-1,FALSE,FALSE,TRUE,0,0,0,0,0,0,0,0,0,0,2,0,0,0,0,0,0,0,0,0,0,0,0,0,0,0,0,0,0,0,0,0,2,0,0,2,0,0,0,0,0,0,0,0,0,0,0,0,0
crazy buffer,L069,1,1,quenching hit,-2,FALSE,TRUE,FALSE,0,0,0,0,0,0,0,0,0,0,0,2,0,0,0,0,0,0,0,0,0,0,0,0,0,0,0,0,0,0,0,0,0,0,0,2,2,0,0,0,0,0,0,2,0,0,0,0,0
crazy buffer,L070,1,1,,-1,FALSE,FALSE,TRUE,0,2,0,2,0,0,0,0,0,0,0,0,2,0,2,2,0,0,0,0,0,0,2,0,0,0,2,0,2,2,2,2,2,2,0,2,1,0,0,2,0,0,2,0,0,0,0,0,0
dim hits,L071,0,0,,0,FALSE,FALSE,FALSE,0,0,0,0,0,0,0,0,0,0,0,0,0,0,0,0,0,0,0,0,0,0,0,0,0,0,0,0,0,0,0,0,0,0,0,0,0,0,0,0,0,2,2,0,0,0,0,0,0
high FAM buffer,L072,0,0,,-1,FALSE,FALSE,TRUE,0,0,0,0,0,0,0,0,0,0,2,2,2,0,0,0,0,0,0,0,0,0,0,0,0,0,0,0,0,0,0,0,0,0,0,2,0,0,0,0,0,0,0,0,0,0,0,0,0
high Cy5 Cy5/5 buffer,L073,0,0,,-1,FALSE,FALSE,TRUE,0,0,0,0,0,0,0,0,0,0,0,0,0,0,0,0,0,0,0,0,0,0,0,0,0,0,0,0,0,0,2,2,2,2,2,2,2,0,0,0,0,0,2,0,0,0,0,0,0
high Cy5 Cy5/5 buffer,L074,0,0,,1,TRUE,FALSE,FALSE,0,0,0,0,0,0,0,0,0,0,0,0,0,0,0,0,0,0,0,0,0,0,0,0,0,0,0,0,0,0,0,0,0,0,0,0,0,0,0,0,0,0,0,0,0,0,0,0,0
high Cy5 Cy5/5 buffer,L075,0,0,,1,TRUE,FALSE,FALSE,0,0,0,0,0,0,0,0,0,0,0,0,0,0,0,0,0,0,0,0,0,0,0,0,0,0,0,0,0,0,0,0,0,0,0,0,0,0,0,0,0,0,0,0,0,0,0,0,0
high Cy5 Cy5/5 buffer quenching hits?,L076,1,1,quenching hit,-1,FALSE,FALSE,TRUE,0,0,0,0,0,0,0,0,0,0,0,0,0,0,0,0,2,2,2,0,2,2,2,0,0,0,0,0,0,0,2,2,2,2,0,2,0,2,0,0,0,0,2,0,0,0,0,0,0
high Cy5 Cy5/5 buffer quenching hits?,L077,1,1,quenching hit,-1,FALSE,FALSE,TRUE,0,0,0,0,0,0,0,0,0,0,0,0,0,0,0,0,0,0,0,0,0,0,0,0,0,0,0,0,0,2,2,2,2,2,0,0,0,0,0,0,0,0,0,0,0,0,0,0,0
0,L078,1,0,"wild, follow up on this one",0,FALSE,FALSE,FALSE,0,0,0,0,0,0,0,0,0,0,0,0,0,0,0,0,2,0,2,0,2,2,2,2,2,2,0,2,2,2,2,0,2,2,0,2,2,0,0,0,0,0,2,0,0,0,0,0,0
0,L079,0,0,,0,FALSE,FALSE,FALSE,0,0,0,0,0,0,0,0,0,0,0,0,0,0,0,0,0,0,0,0,0,0,2,0,0,0,0,0,0,0,0,0,0,0,0,0,0,0,0,0,0,0,0,0,0,0,0,0,0
0,L080,1,0,like 78,0,FALSE,FALSE,FALSE,0,0,0,0,0,0,0,0,0,0,0,0,0,0,1,1,0,0,2,2,0,0,2,0,0,0,0,0,2,0,2,2,2,2,0,0,0,0,0,0,0,0,0,0,0,0,0,0,0
0,L081,1,0,like 78,0,FALSE,FALSE,FALSE,0,0,0,0,0,0,0,0,0,0,0,0,0,0,1,1,0,0,2,2,0,0,2,0,0,0,0,0,2,0,2,2,2,2,0,0,0,0,0,0,0,0,0,0,0,0,0,0,0
0,L082,0,0,,0,FALSE,FALSE,FALSE,0,2,0,2,0,0,0,0,0,0,0,0,0,0,1,0,0,0,2,2,0,0,0,0,0,0,0,0,0,0,2,2,2,2,0,0,0,0,0,0,0,0,0,0,0,0,0,0,0
high buffer in cy5/cy5.5,L083,1,1,,-1,FALSE,FALSE,TRUE,0,0,0,0,0,0,0,0,0,0,2,0,0,0,0,0,0,0,0,0,0,0,0,0,0,0,0,0,0,0,2,2,2,2,0,0,0,1,2,2,2,2,2,2,0,0,0,0,0
0,L084,0,0,,0,FALSE,FALSE,FALSE,0,0,0,0,0,0,0,0,0,0,0,0,0,0,0,0,0,0,0,0,0,0,0,0,0,0,0,0,0,0,0,0,0,0,0,0,0,0,0,0,0,0,0,0,0,0,0,0,0
0,L085,0,0,,0,FALSE,FALSE,FALSE,0,0,0,0,0,0,0,0,0,0,0,0,0,0,0,0,0,0,0,0,0,0,0,0,0,0,0,0,0,0,0,0,0,0,0,0,0,0,0,0,0,0,0,0,0,0,0,0,0
very dim--bleed?,L086,1,0,very low signal,0,FALSE,FALSE,FALSE,0,0,0,0,0,0,0,0,0,0,0,0,0,0,0,0,1,0,0,0,2,0,0,0,0,0,0,0,1,0,0,1,0,1,0,1,0,0,0,0,0,0,0,0,0,0,0,0,0
dim hits,L087,1,0,,0,FALSE,FALSE,FALSE,0,0,0,0,0,0,0,0,0,0,0,0,0,0,0,0,0,0,0,1,0,0,0,0,0,0,0,0,0,0,0,0,0,0,0,0,1,1,0,0,0,0,0,0,0,0,0,0,0
0,L088,0,0,,0,FALSE,FALSE,FALSE,0,0,0,0,0,0,0,0,0,0,0,0,0,0,0,0,0,0,0,0,0,0,0,0,0,0,0,0,0,0,0,0,0,0,0,0,0,0,0,0,0,0,0,0,0,0,0,0,0
0,L089,1,0,,0,FALSE,FALSE,FALSE,0,0,0,0,0,0,0,0,0,0,0,0,0,0,0,0,1,1,0,0,1,1,0,0,0,0,0,0,1,1,1,1,1,1,0,1,2,1,0,0,0,0,1,0,0,0,0,0,0
0,L090,1,0,,0,FALSE,FALSE,FALSE,0,0,0,0,0,0,0,0,0,0,0,0,0,0,0,0,0,2,0,0,1,1,2,0,0,2,0,0,2,2,1,1,1,1,0,1,2,0,0,0,0,0,1,0,0,0,0,0,0
0,L091,1,0,,0,FALSE,FALSE,FALSE,0,0,0,0,0,0,0,0,0,0,0,2,2,2,2,0,2,1,1,0,1,2,2,0,0,0,0,0,1,1,1,1,1,1,2,1,2,2,0,0,0,1,1,0,0,0,0,0,0
0,L092,1,1,maybe ok?,-1,FALSE,FALSE,TRUE,0,2,0,2,0,0,0,0,0,0,0,0,2,2,2,2,2,2,2,0,2,2,2,2,2,2,2,2,2,2,2,0,2,2,0,1,2,0,0,0,0,0,2,0,0,0,0,0,0
high buffer but good transitions,L093,1,1,maybe ok?,0,FALSE,FALSE,FALSE,0,0,0,0,0,0,0,0,0,0,0,0,0,0,1,0,2,1,0,0,1,1,1,0,0,0,0,0,1,1,1,1,1,1,2,1,2,1,0,0,0,1,1,0,0,0,0,0,0
0,L094,1,0,,0,FALSE,FALSE,FALSE,0,0,0,2,0,0,0,0,0,0,0,0,0,0,2,0,0,2,2,0,2,2,2,0,0,0,0,0,1,1,1,1,1,1,2,1,2,2,1,0,0,1,1,0,0,0,0,0,0
0,L095,1,0,,0,FALSE,FALSE,FALSE,0,0,0,2,0,0,0,0,0,0,0,0,0,0,1,0,1,1,1,0,1,1,1,0,0,0,0,1,1,1,1,1,1,1,2,1,2,1,2,2,0,0,1,0,0,0,0,0,0
0,L096,1,0,,0,FALSE,FALSE,FALSE,0,0,0,0,0,0,0,0,0,0,2,2,2,2,2,2,1,1,0,0,1,2,1,2,2,2,2,2,1,1,1,1,1,1,2,2,2,1,1,2,2,1,1,1,0,0,0,0,0
0,L097,1,1,"potentially good example, retain anyway?",0,FALSE,FALSE,FALSE,0,0,0,0,0,0,0,0,0,0,0,0,0,0,1,0,2,1,2,0,0,0,2,0,0,0,0,0,1,0,1,0,1,1,2,1,2,2,0,0,0,0,1,0,0,0,0,0,0
high cy5 cy55 buffer but some nice transitions,L098,1,1,"potentially good example, retain anyway?",-1,FALSE,FALSE,TRUE,0,0,0,0,0,0,0,0,0,0,0,0,0,0,2,0,0,1,0,1,0,0,1,0,0,0,0,0,1,1,1,1,1,1,2,1,0,1,1,0,0,1,1,0,0,0,0,0,0
0,L099,1,1,"potentially good example, retain anyway?",-1,FALSE,FALSE,TRUE,0,0,0,0,0,0,0,0,0,0,0,0,0,0,2,0,0,1,0,0,2,2,2,0,0,0,0,0,1,1,1,1,1,1,0,2,2,2,2,2,0,1,1,2,0,0,0,0,0
0,L100,1,0,,0,FALSE,FALSE,FALSE,0,0,0,0,0,0,0,0,0,0,0,0,0,0,0,0,0,0,0,1,0,0,0,0,0,0,0,0,2,0,0,0,1,1,0,1,1,1,0,0,0,0,1,0,0,0,0,0,0
terrible nonlinear buffer in cy5 and cy55 but seemingly some quenching hits?,L101,1,1,good example,-1,FALSE,FALSE,TRUE,0,0,0,0,0,0,0,0,0,0,0,0,0,0,0,0,0,2,0,1,0,2,2,0,0,0,0,0,2,2,2,2,2,2,0,0,0,2,2,2,2,2,0,2,0,0,0,0,0
0,L102,0,0,per2?,0,FALSE,FALSE,FALSE,0,0,0,0,0,0,0,0,0,0,0,0,0,0,0,0,0,0,0,0,0,0,0,0,0,0,0,0,0,0,0,0,0,0,0,0,0,0,0,0,0,0,0,0,0,0,0,0,0
0,L103,1,0,,0,FALSE,FALSE,FALSE,0,0,0,0,0,0,0,0,0,0,0,0,0,0,2,0,0,0,2,1,0,0,0,0,0,0,0,0,0,0,0,0,0,0,0,0,0,0,0,0,0,0,0,0,0,0,0,0,0
0,L104,1,0,low signal hits,0,FALSE,FALSE,FALSE,0,0,0,0,0,0,0,0,0,0,0,0,0,0,0,0,0,0,0,2,0,0,0,0,0,0,0,0,0,0,0,0,0,0,0,2,2,0,0,0,0,0,2,0,0,0,0,0,0
0,L105,0,0,per2?,0,FALSE,FALSE,FALSE,0,0,0,0,0,0,0,0,0,0,0,0,0,0,0,0,0,0,0,1,0,0,0,0,0,0,0,0,0,0,0,0,0,0,0,0,0,0,0,0,0,0,0,0,0,0,0,0,0
0,L106,0,0,per2?,0,FALSE,FALSE,FALSE,0,0,0,0,0,0,0,0,0,0,0,0,0,0,0,0,0,0,0,1,0,0,0,0,0,0,0,0,0,0,0,0,0,0,0,0,0,0,0,0,0,0,0,0,0,0,0,0,0
0,L107,1,0,per2 + widom,0,FALSE,FALSE,FALSE,0,0,0,0,0,0,0,0,0,0,0,0,0,0,0,0,0,0,0,1,0,0,0,0,0,0,0,0,0,0,0,0,0,0,0,0,2,0,0,0,0,0,1,0,0,0,0,0,0
0,L108,0,0,per2?,0,FALSE,FALSE,FALSE,0,0,0,0,0,0,0,0,0,0,0,0,0,0,0,0,0,0,0,0,0,0,0,0,0,0,0,0,0,0,0,0,0,0,0,0,0,0,0,0,0,0,0,0,0,0,0,0,0
0,MWA001,0,0,,0,FALSE,FALSE,FALSE,0,0,0,0,0,0,2,0,0,0,0,0,0,0,0,0,0,0,0,0,0,0,0,0,0,0,0,0,0,0,0,0,0,0,0,0,0,0,0,0,0,0,0,0,0,0,0,0,0
very dim--bleed?,MWA002,1,0,low signal hits,0,FALSE,FALSE,FALSE,0,0,0,0,0,0,0,0,0,0,0,0,0,0,0,0,0,0,0,0,0,0,0,0,0,0,0,0,0,0,1,0,0,0,0,0,0,0,0,0,0,0,0,0,0,0,0,0,0
very dim--bleed?,MWA003,1,0,low signal hits,0,FALSE,FALSE,FALSE,0,0,0,0,0,0,0,0,0,0,0,0,0,0,2,0,0,0,0,0,0,0,0,0,0,0,0,0,0,0,1,0,0,0,0,1,0,0,0,0,0,0,0,0,0,0,0,0,0
0,MWA004,0,0,,0,FALSE,FALSE,FALSE,0,0,0,0,0,0,0,0,0,0,0,0,0,0,0,0,0,0,0,0,0,0,0,0,0,0,0,0,0,0,0,0,0,0,0,0,0,0,0,0,0,0,0,0,0,0,0,0,0
0,MWA005,0,0,,0,FALSE,FALSE,FALSE,0,0,0,0,0,0,0,0,0,0,0,0,0,0,0,0,0,0,0,1,0,0,0,0,0,0,0,0,0,0,0,0,0,0,0,0,0,0,0,0,0,0,0,0,0,0,0,0,0
0,MWA006,0,0,,0,FALSE,FALSE,FALSE,0,0,0,0,0,0,0,0,0,0,0,0,0,0,0,0,0,0,0,1,0,0,0,0,0,0,0,0,0,0,0,0,0,0,0,0,0,0,0,0,0,0,0,0,0,0,0,0,0
0,MWA007,0,0,,0,FALSE,FALSE,FALSE,0,0,0,0,0,0,0,0,0,0,0,0,0,0,0,0,0,0,0,0,0,0,0,0,0,0,0,0,0,0,0,0,0,0,0,0,0,0,0,0,0,0,0,0,0,0,0,0,0
0,MWA008,0,0,,1,TRUE,FALSE,FALSE,0,0,2,2,0,0,0,0,0,0,2,0,0,0,0,0,0,2,0,2,0,2,2,2,0,0,0,0,0,0,0,0,0,0,0,2,2,2,0,0,0,2,0,0,2,0,0,0,0
0,MWA009,0,0,,0,FALSE,FALSE,FALSE,0,0,0,0,0,0,0,0,0,0,0,0,0,0,0,0,0,0,0,0,0,0,0,0,0,0,0,0,0,0,0,0,0,0,0,0,0,0,0,0,0,0,0,0,0,0,0,0,0
0,MWA010,0,0,,0,FALSE,FALSE,FALSE,0,0,0,0,0,0,0,0,0,0,0,0,0,0,0,0,0,0,0,0,0,0,0,0,0,0,0,0,0,0,0,0,0,0,0,0,0,0,0,0,0,0,0,0,0,0,0,0,0
0,MWA011,0,0,,0,FALSE,FALSE,FALSE,0,0,0,0,0,0,0,0,0,0,0,0,0,0,0,0,0,0,0,0,0,0,0,0,0,0,0,0,0,0,0,0,0,0,0,0,0,0,0,0,0,0,0,0,0,0,0,0,0
0,MWA012,0,0,,0,FALSE,FALSE,FALSE,0,0,0,0,0,0,0,0,0,0,0,0,0,0,0,0,0,0,0,0,0,0,0,0,0,0,0,0,0,0,0,0,0,0,0,0,0,0,0,0,0,0,0,0,0,0,0,0,0
0,MWA013,0,0,,1,TRUE,FALSE,FALSE,0,0,0,0,0,0,0,0,0,0,0,0,0,0,0,0,0,0,0,0,0,0,0,0,0,0,0,0,0,0,0,0,2,0,0,0,0,0,0,0,0,0,0,0,0,0,0,0,0
0,MWA014,0,0,,0,FALSE,FALSE,FALSE,0,0,0,0,0,0,0,0,0,0,0,0,0,0,0,0,0,0,0,1,0,0,0,0,0,0,0,0,0,0,0,0,0,0,0,0,0,0,0,0,0,0,0,0,0,0,0,0,0
0,MWA015,0,0,,0,FALSE,FALSE,FALSE,0,0,0,0,0,0,0,0,0,0,0,0,0,0,0,0,0,0,0,0,0,0,0,0,0,0,0,0,0,0,0,0,0,0,0,0,0,0,0,0,0,0,0,0,0,0,0,0,0
0,MWA016,0,0,,0,FALSE,FALSE,FALSE,0,0,0,0,0,0,0,0,0,0,0,0,0,0,0,0,0,0,0,0,0,0,0,0,0,0,0,0,0,0,0,0,0,0,0,0,0,0,0,0,0,0,0,0,0,0,0,0,0
0,MWA017,0,0,,0,FALSE,FALSE,FALSE,0,0,0,0,0,0,0,0,0,0,0,0,0,0,0,0,0,0,0,2,0,0,0,0,0,0,0,0,0,0,0,0,0,0,0,0,0,0,0,0,0,0,0,0,0,0,0,0,0
0,MWA018,0,0,,0,FALSE,FALSE,FALSE,0,0,0,0,0,0,0,0,0,0,0,0,0,0,0,0,0,0,0,0,0,0,0,0,0,0,0,0,0,0,0,0,0,0,0,0,0,0,0,0,0,0,0,0,0,0,0,0,0
0,MWA019,0,0,,0,FALSE,FALSE,FALSE,0,0,0,0,0,0,0,0,0,0,0,0,0,0,0,0,0,0,0,0,0,0,0,0,0,0,0,0,0,0,0,0,0,0,0,0,0,0,0,0,0,0,0,0,0,0,0,0,0
0,MWA020,0,0,,0,FALSE,FALSE,FALSE,0,0,0,0,0,0,0,0,0,0,0,0,0,0,0,0,0,0,0,0,0,0,0,0,0,0,0,0,0,0,0,0,0,0,0,0,0,0,0,0,0,0,0,0,0,0,0,0,0
0,MWA021,1,0,,0,FALSE,FALSE,FALSE,2,0,1,0,0,0,0,2,0,1,0,0,0,0,0,1,0,2,2,0,2,2,2,2,0,0,0,0,2,2,2,2,2,2,0,0,0,2,0,2,0,2,0,0,0,0,0,0,0
0,MWB001,0,0,,0,FALSE,FALSE,FALSE,0,0,0,0,0,0,0,0,0,0,0,0,0,0,0,0,0,0,0,0,0,0,0,0,0,0,0,0,0,0,0,0,0,0,0,0,0,0,0,0,0,0,0,0,0,0,0,0,0
0,MWB002,0,0,,1,TRUE,FALSE,FALSE,0,0,0,0,0,0,0,0,0,0,0,0,0,0,0,0,0,0,0,0,0,0,0,0,0,0,0,0,0,0,0,0,0,0,0,0,0,0,0,0,0,0,0,0,2,2,2,2,2
0,MWB003,0,0,,0,FALSE,FALSE,FALSE,0,0,0,0,0,0,0,0,0,0,0,0,0,0,0,0,0,0,0,0,0,0,0,0,0,0,0,0,0,0,0,0,0,0,0,0,0,0,0,0,0,0,0,0,0,0,0,0,0
0,MWB004,0,0,,0,FALSE,FALSE,FALSE,0,0,0,0,0,0,0,0,0,0,0,0,0,0,0,0,0,0,0,0,0,0,0,0,0,0,0,0,0,0,0,0,0,0,0,0,0,0,0,0,0,0,0,0,0,0,0,0,0
0,MWB005,0,0,,0,FALSE,FALSE,FALSE,0,0,0,0,0,0,0,0,0,0,0,0,0,0,0,0,0,0,0,0,0,0,0,0,0,0,0,0,0,0,0,0,0,0,0,0,0,0,0,0,0,0,0,0,0,0,0,0,0
0,MWB006,0,0,,0,FALSE,FALSE,FALSE,0,0,0,0,0,0,0,0,0,0,0,0,0,0,0,0,0,0,0,0,0,0,0,0,0,0,0,0,0,0,0,0,0,0,0,0,0,0,0,0,0,0,0,0,0,0,0,0,0
0,MWB007,0,0,,0,FALSE,FALSE,FALSE,0,0,0,0,0,0,0,0,0,0,0,0,0,0,0,0,0,0,0,0,0,0,0,0,0,0,0,0,0,0,0,0,0,0,0,0,0,0,0,0,0,0,0,0,0,0,0,0,0
0,MWB008,0,0,,0,FALSE,FALSE,FALSE,0,0,0,0,0,0,0,0,0,0,0,0,0,0,0,0,0,0,0,0,0,0,0,0,0,0,0,0,0,0,0,0,0,0,0,0,0,0,0,0,0,0,0,0,0,0,0,0,0
very dim--bleed?,MWB009,1,0,low signal hits,0,FALSE,FALSE,FALSE,0,0,0,0,0,0,0,0,0,0,0,0,0,0,0,0,0,0,0,0,0,0,1,0,0,0,0,0,1,1,1,1,1,1,0,0,0,0,0,0,0,0,1,0,0,0,0,0,0
0,MWB010,0,0,per2,0,FALSE,FALSE,FALSE,0,0,0,0,0,0,0,0,0,0,0,0,0,0,0,0,0,0,0,0,0,0,0,0,0,0,0,0,0,0,0,0,0,0,0,0,0,0,0,0,0,0,0,0,0,0,0,0,0
0,MWB011,0,0,per2,0,FALSE,FALSE,FALSE,0,0,0,0,0,0,0,0,0,0,0,0,0,0,0,0,0,0,0,1,0,0,0,0,0,0,0,0,0,0,0,0,0,0,0,0,0,0,0,0,0,0,0,0,0,0,0,0,0
0,MWB012,0,0,per2,0,FALSE,FALSE,FALSE,0,0,0,0,0,0,0,0,0,0,0,0,0,0,0,0,0,0,0,1,0,0,0,0,0,0,0,0,0,0,0,0,0,0,0,0,0,0,0,0,0,0,0,0,0,0,0,0,0
0,MWB013,0,0,,0,FALSE,FALSE,FALSE,0,0,0,0,0,0,0,0,0,0,0,0,0,0,0,0,0,0,0,1,0,0,0,0,0,0,0,0,0,0,0,0,0,0,0,0,0,0,0,0,0,0,0,0,0,0,0,0,0
0,MWB014,0,0,,0,FALSE,FALSE,FALSE,0,0,0,0,0,0,0,0,0,0,0,0,0,0,0,0,0,0,0,0,0,0,0,0,0,0,0,0,0,0,0,0,0,0,0,0,0,0,0,0,0,0,0,0,0,0,0,0,0
0,MWB015,0,0,,0,FALSE,FALSE,FALSE,0,0,0,0,0,0,0,0,0,0,0,0,0,0,0,0,0,0,0,1,0,0,0,0,0,0,0,0,0,0,0,0,0,0,0,0,0,0,0,0,0,0,1,0,0,0,0,0,0
0,MWB016,0,0,,0,FALSE,FALSE,FALSE,0,0,0,0,0,0,0,0,0,0,0,0,0,0,0,0,0,0,0,0,0,0,0,0,0,0,0,0,0,0,0,0,0,0,0,0,0,0,0,0,0,0,0,0,0,0,0,0,0
0,MWB017,0,0,,0,FALSE,FALSE,FALSE,0,0,0,0,0,0,0,0,0,0,0,0,0,0,0,0,0,0,0,0,0,0,0,0,0,0,0,0,0,0,0,0,0,0,0,0,0,0,0,0,0,0,0,0,0,0,0,0,0
0,MWB018,0,0,,0,FALSE,FALSE,FALSE,0,0,0,0,0,0,0,0,0,0,0,0,0,0,0,0,0,0,0,0,0,0,0,0,0,0,0,0,0,0,0,0,0,0,0,0,0,0,0,0,0,0,0,0,0,0,0,0,0
0,MWB019,0,0,,0,FALSE,FALSE,FALSE,0,0,0,0,0,0,0,0,0,0,0,0,0,0,0,0,0,0,0,0,0,0,0,0,0,0,0,0,0,0,0,0,0,0,0,0,0,0,0,0,0,0,0,0,0,0,0,0,0
0,MWC001,0,0,,0,FALSE,FALSE,FALSE,0,0,0,0,0,0,0,0,0,0,0,0,0,0,0,0,0,0,0,1,0,0,0,0,0,0,0,0,0,0,0,0,0,0,0,0,0,0,0,0,0,0,0,0,0,0,0,0,0
0,MWC002,0,0,,0,FALSE,FALSE,FALSE,0,0,0,0,0,0,0,0,0,0,0,0,0,0,0,0,0,0,0,0,0,0,0,0,0,0,0,0,0,0,0,0,0,0,0,0,0,0,0,0,0,0,0,0,0,0,0,0,0
0,MWC003,0,0,,0,FALSE,FALSE,FALSE,0,0,0,0,0,0,0,0,0,0,0,0,0,0,0,0,0,0,0,0,0,0,0,0,0,0,0,0,0,0,0,0,0,0,0,0,0,0,0,0,0,0,0,0,0,0,0,0,0
0,MWC004,0,0,,0,FALSE,FALSE,FALSE,0,0,0,0,0,0,0,0,0,0,0,0,0,0,0,0,0,0,0,0,0,0,0,0,0,0,0,0,0,0,0,0,0,0,0,0,0,0,0,0,0,0,0,0,0,0,0,0,0
0,MWC005,1,0,terrible hits,0,FALSE,FALSE,FALSE,0,0,0,0,0,0,2,0,0,0,0,0,0,0,0,0,0,0,0,0,0,0,0,0,0,0,0,0,0,0,0,0,0,0,0,0,0,0,2,2,0,2,0,2,2,0,0,0,0
0,MWC006,0,0,,0,FALSE,FALSE,FALSE,0,0,0,0,0,0,0,0,0,0,0,0,0,0,0,0,0,0,0,0,0,0,0,0,0,0,0,0,0,0,0,0,0,0,0,0,0,0,0,0,0,0,0,0,2,0,0,0,0
0,MWC007,1,0,good dyes,0,FALSE,FALSE,FALSE,1,0,0,2,0,0,2,2,0,1,2,2,2,2,2,2,1,1,2,0,1,1,1,2,2,2,2,2,1,1,1,1,1,1,1,1,1,2,1,2,0,2,0,1,0,0,0,0,0
0,MWC008,1,0,good dyes,0,FALSE,FALSE,FALSE,0,0,0,0,0,0,0,0,0,1,0,0,0,0,2,0,0,0,0,2,0,0,0,0,0,0,0,0,1,0,1,1,1,1,0,0,0,1,0,0,0,0,0,0,0,0,0,0,0
0,MWC009,0,0,,0,FALSE,FALSE,FALSE,0,0,0,0,0,0,0,0,0,0,0,0,0,0,0,0,0,0,0,0,0,0,0,0,0,0,0,0,0,0,0,0,0,0,0,0,0,0,0,0,0,0,0,0,0,0,0,0,0
0,MWC010,0,0,,0,FALSE,FALSE,FALSE,0,0,0,0,0,0,0,0,0,0,0,0,0,0,0,0,0,0,0,0,0,0,0,0,0,0,0,0,0,0,0,0,0,0,0,0,0,0,0,0,0,0,0,0,0,0,0,0,0
0,MWC011,0,0,,0,FALSE,FALSE,FALSE,0,0,0,0,0,0,0,0,0,0,0,0,0,0,0,0,0,0,0,0,0,0,0,0,0,0,0,0,0,0,0,0,0,0,0,0,0,0,0,0,0,0,0,0,0,0,0,0,0
0,MWC012,0,0,,0,FALSE,FALSE,FALSE,0,0,0,0,0,0,0,0,0,0,0,0,0,0,0,0,0,0,0,0,0,0,0,0,0,0,0,0,0,0,0,0,0,0,0,0,0,0,0,0,0,0,0,0,0,0,0,0,0
0,MWC013,0,0,,0,FALSE,FALSE,FALSE,0,0,0,0,0,0,0,0,0,0,0,0,0,0,0,0,0,0,0,0,0,0,0,0,0,0,0,0,0,0,0,0,0,0,0,0,0,0,0,0,0,0,0,0,0,0,0,0,0
0,MWC014,0,0,,0,FALSE,FALSE,FALSE,0,0,0,0,0,0,0,0,0,0,0,0,0,0,0,0,0,0,0,0,0,0,0,0,0,0,0,0,0,0,0,0,0,0,0,0,0,0,0,0,0,0,0,0,0,0,0,0,0
0,MWC015,1,0,is this T4 bleed?,0,FALSE,FALSE,FALSE,0,0,0,0,0,0,0,0,0,0,0,0,0,0,1,0,0,1,0,0,0,2,2,0,0,0,0,0,2,1,2,0,0,0,0,0,1,1,0,0,0,0,0,0,0,0,0,0,0
0,MWC016,1,0,one true love,0,FALSE,FALSE,FALSE,0,0,0,0,0,0,0,0,0,0,0,0,0,0,0,0,0,0,0,0,0,0,0,0,0,0,0,0,0,0,0,1,0,0,0,0,0,0,0,0,0,0,0,0,0,0,0,0,0
0,MWC017,0,0,,0,FALSE,FALSE,FALSE,0,0,0,0,0,0,0,0,0,0,0,0,0,0,0,0,0,0,0,0,0,0,0,0,0,0,0,0,0,0,0,0,0,0,0,0,0,0,0,0,0,0,0,0,0,0,0,0,0
0,MWC018,0,0,,1,TRUE,FALSE,FALSE,0,0,0,0,0,0,0,0,0,0,0,0,0,0,0,0,0,0,0,0,0,0,0,0,0,0,0,0,0,0,0,0,0,0,0,0,0,0,0,0,0,0,0,0,0,0,0,0,2
0,MWC019,0,0,,0,FALSE,FALSE,FALSE,0,0,0,0,0,0,0,0,0,0,0,0,0,0,0,0,0,0,0,0,0,0,0,0,0,0,0,0,0,0,0,0,0,0,0,0,0,0,0,0,0,0,0,0,0,0,0,0,0
0,MWC020,0,0,,0,FALSE,FALSE,FALSE,0,0,0,0,0,0,0,0,0,0,0,0,0,0,0,0,0,0,0,0,0,0,0,0,0,0,0,0,0,0,0,0,0,0,0,0,0,0,0,0,0,0,0,0,0,0,0,0,0
0,MWC021,1,0,,0,FALSE,FALSE,FALSE,0,0,0,0,0,0,0,0,0,0,0,0,0,0,2,0,0,1,0,0,1,1,1,0,0,0,0,0,1,1,1,1,1,1,0,1,0,2,0,0,0,0,0,0,0,0,0,0,0
0,MWC022,0,0,,0,FALSE,FALSE,FALSE,0,0,0,0,0,0,0,0,0,0,0,0,0,0,0,0,0,0,0,0,0,0,0,0,0,0,0,0,0,0,0,0,0,0,0,0,0,0,0,0,0,0,0,0,0,0,0,0,0
0,MWC023,0,0,,0,FALSE,FALSE,FALSE,0,0,0,0,0,0,0,0,0,0,0,0,0,0,0,0,0,0,0,0,0,0,0,0,0,0,0,0,0,0,0,0,0,0,0,0,0,0,0,0,0,0,0,0,0,0,0,0,0
0,MWC024,0,0,,0,FALSE,FALSE,FALSE,0,0,2,2,0,0,0,0,0,0,0,0,0,0,0,0,0,2,0,0,0,0,0,0,0,0,0,0,0,0,0,0,0,0,0,0,0,0,2,0,0,0,2,0,2,0,0,2,0
0,MWC025,0,0,,0,FALSE,FALSE,FALSE,0,0,0,0,0,0,0,0,0,0,0,0,0,0,0,0,0,0,0,0,0,0,0,0,0,0,0,0,0,0,0,0,0,0,0,0,0,0,0,0,0,0,0,0,0,0,0,0,0
0,MWC026,0,0,,0,FALSE,FALSE,FALSE,0,0,0,0,0,0,0,0,0,0,0,0,0,0,0,0,0,0,0,0,0,0,2,0,0,0,0,0,0,0,0,0,0,0,0,0,0,0,0,0,0,0,0,0,0,0,0,0,0
0,MWC027,0,0,,0,FALSE,FALSE,FALSE,0,0,0,0,0,0,0,0,0,0,0,0,0,0,0,0,0,0,0,0,0,0,0,0,0,0,0,0,0,0,0,0,0,0,0,0,0,0,0,0,0,0,0,0,0,0,0,0,0
0,MWC028,0,0,,0,FALSE,FALSE,FALSE,0,0,0,0,0,0,0,0,0,0,0,0,0,0,0,0,0,0,0,0,0,0,0,0,0,0,0,0,0,0,0,0,0,0,0,2,0,0,0,0,0,0,0,0,0,0,0,0,0
0,MWC029,0,0,,0,FALSE,FALSE,FALSE,0,0,0,0,0,0,0,0,0,0,0,0,0,0,0,0,0,0,0,0,0,0,0,0,0,0,0,0,0,0,0,0,0,0,0,0,0,0,0,0,0,0,0,0,0,0,0,0,0
terrible buffer but some interesting protein sensitiivty,MWC030,0,0,super bright maybe quencher,-2,FALSE,TRUE,FALSE,0,0,0,0,0,0,0,0,0,0,0,0,0,0,0,0,0,0,0,0,0,0,0,0,0,0,0,0,0,0,0,0,0,0,0,0,0,0,0,0,0,0,0,0,2,2,0,0,0
0,MWC031,0,0,,0,FALSE,FALSE,FALSE,0,0,0,0,0,0,0,0,0,0,0,0,0,0,0,0,0,0,0,0,0,0,0,0,0,0,0,0,0,0,0,0,0,0,0,0,0,0,0,0,0,0,0,0,0,0,0,0,0
0,MWC032,0,0,,0,FALSE,FALSE,FALSE,0,0,0,0,0,0,0,0,0,0,0,0,0,0,0,0,0,0,0,0,0,0,0,0,0,0,0,0,0,0,0,0,0,0,0,0,0,0,0,0,0,0,0,0,0,0,0,0,0
0,MWC033,0,0,,1,TRUE,FALSE,FALSE,0,0,0,0,0,0,0,0,0,0,0,0,0,0,0,0,0,0,0,0,0,0,0,0,0,0,0,0,0,0,0,0,0,0,0,0,0,0,0,0,0,0,0,0,2,0,0,0,0
"very dim--bleed, or UV dye?",MWC034,1,0,low signal hits,0,FALSE,FALSE,FALSE,0,0,0,0,0,0,0,0,0,0,0,0,0,0,0,0,0,0,0,0,1,0,1,0,0,0,0,0,1,1,1,1,1,1,0,2,0,2,0,0,0,0,2,0,0,0,0,0,0
0,MWC035,1,0,one true love,0,FALSE,FALSE,FALSE,0,0,0,0,0,0,0,0,0,0,0,0,0,0,0,0,0,0,0,0,0,0,0,0,0,0,0,0,0,0,0,0,2,0,0,0,0,0,0,0,0,0,0,0,0,0,0,0,0
0,MWC036,0,0,,0,FALSE,FALSE,FALSE,0,0,0,0,0,0,0,0,0,0,0,0,0,0,0,0,0,0,0,0,0,0,0,0,0,0,0,0,0,0,0,0,0,0,0,0,0,0,0,0,0,0,0,0,0,0,0,0,0
0,MWC037,0,0,,0,FALSE,FALSE,FALSE,0,0,0,0,0,0,0,0,0,0,0,0,0,0,0,0,0,0,0,0,0,0,0,0,0,0,0,0,0,0,0,0,0,0,0,0,0,0,0,0,0,0,0,0,0,0,0,0,0
very dim--bleed?,MWC038,0,0,,0,FALSE,FALSE,FALSE,0,0,0,0,0,0,0,0,0,0,0,0,0,0,0,0,0,0,0,1,0,0,0,0,0,0,0,0,0,0,0,0,0,0,0,0,0,0,0,0,0,0,0,0,0,0,0,0,0
0,MWC039,0,0,,0,FALSE,FALSE,FALSE,0,0,0,0,0,0,0,0,0,0,0,0,0,0,0,0,0,0,0,0,0,0,0,0,0,0,0,0,0,0,0,0,0,0,0,0,0,0,0,0,0,0,0,0,0,0,0,0,0
0,MWC040,0,0,,0,FALSE,FALSE,FALSE,0,0,0,0,0,0,0,0,0,0,0,0,0,0,0,0,0,0,0,0,0,0,0,0,0,0,0,0,0,0,0,0,0,0,0,0,0,0,0,0,0,0,0,0,0,0,0,0,0
0,MWC041,1,0,two true loves,0,FALSE,FALSE,FALSE,0,0,0,0,0,0,0,1,0,1,0,0,0,0,0,0,0,0,0,0,0,0,0,0,0,0,0,0,0,0,0,0,0,0,0,0,0,0,0,0,0,0,0,0,0,0,0,0,0
0,MWC042,0,0,,0,FALSE,FALSE,FALSE,0,0,0,0,0,0,0,0,0,0,0,0,0,0,0,0,0,0,0,0,0,0,0,0,0,0,0,0,0,0,0,0,0,0,0,0,0,0,0,0,0,0,0,0,0,0,0,0,0
very dim--bleed?,MWC043,0,0,,0,FALSE,FALSE,FALSE,0,0,0,0,0,0,0,0,0,1,0,0,0,0,0,0,0,0,0,0,0,0,0,0,0,0,0,0,0,0,0,0,0,0,0,0,0,0,0,0,0,0,0,0,0,0,0,0,0
0,MWC044,0,0,,0,FALSE,FALSE,FALSE,2,0,0,0,0,0,0,0,0,0,0,0,0,0,0,0,0,0,0,0,0,0,0,0,0,0,0,0,0,0,0,0,0,0,0,0,0,0,0,0,0,0,0,0,0,0,0,0,0
0,MWC045,1,0,good dyes,0,FALSE,FALSE,FALSE,1,0,0,0,0,0,0,0,0,0,0,0,0,0,0,0,0,1,0,0,1,1,1,0,0,0,0,0,2,0,1,1,1,1,0,0,0,2,0,0,0,0,0,0,0,0,0,0,0
0,MWC046,0,0,,0,FALSE,FALSE,FALSE,0,0,0,0,0,0,0,0,0,0,0,0,0,0,0,0,0,0,0,0,0,0,0,0,0,0,0,0,0,0,0,0,0,0,0,0,0,0,0,0,0,0,0,0,0,0,0,0,0
0,MWC047,0,0,,0,FALSE,FALSE,FALSE,0,0,0,0,0,0,0,0,0,0,0,0,0,0,0,0,0,0,0,0,0,0,0,0,0,0,0,0,0,0,0,0,0,0,0,0,0,0,0,0,0,0,0,0,0,0,0,0,0
0,MWC048,0,0,,0,FALSE,FALSE,FALSE,0,0,0,0,0,0,0,0,0,0,0,0,0,0,0,0,0,0,0,0,0,0,0,0,0,0,0,0,0,0,0,0,0,0,0,0,0,0,0,0,0,0,0,0,0,0,0,0,0
0,MWC049,0,0,,0,FALSE,FALSE,FALSE,0,0,0,0,0,0,0,0,0,0,0,0,0,0,0,0,0,0,0,0,0,0,0,0,0,0,0,0,0,0,0,0,0,0,0,0,0,0,0,0,0,0,0,0,0,0,0,0,0
0,MWC050,0,0,,0,FALSE,FALSE,FALSE,0,0,0,0,0,0,0,0,0,0,0,0,0,0,0,0,0,0,0,2,0,0,0,0,0,0,0,0,0,0,0,0,0,0,0,0,0,0,0,0,0,0,0,0,0,0,0,0,0
0,MWC051,0,0,,0,FALSE,FALSE,FALSE,0,0,0,0,0,0,0,0,0,0,0,0,0,0,0,0,0,0,0,0,0,0,0,0,0,0,0,0,0,0,0,0,0,0,0,0,0,0,0,0,0,0,0,0,0,0,0,0,0
0,MWC052,0,0,,0,FALSE,FALSE,FALSE,0,0,0,0,0,0,0,0,0,0,0,0,0,0,0,0,0,0,0,0,0,0,0,0,0,0,0,0,0,0,0,0,0,0,0,0,0,0,0,0,0,0,0,0,0,0,0,0,0
0,MWC053,1,0,interesting curve shapes,0,FALSE,FALSE,FALSE,1,0,0,0,0,0,0,0,0,0,0,0,0,0,0,0,0,1,1,0,1,1,1,0,0,0,0,0,1,1,1,1,1,1,1,1,2,0,0,0,0,0,1,0,0,0,0,0,0
0,MWC054,0,0,,1,TRUE,FALSE,FALSE,0,0,0,0,0,0,0,0,0,0,0,0,0,0,0,0,0,0,0,0,0,0,0,0,0,0,0,0,0,0,0,0,0,0,0,0,0,0,0,0,0,0,0,0,0,0,0,0,0
0,MWC055,0,0,,0,FALSE,FALSE,FALSE,0,0,0,0,0,0,0,0,0,0,0,0,0,0,0,0,0,0,0,0,0,0,0,0,0,0,0,0,0,0,0,0,0,0,0,0,0,0,0,0,0,0,0,0,0,0,0,0,0
0,MWC056,0,0,,0,FALSE,FALSE,FALSE,0,0,0,0,0,0,0,0,0,0,0,0,0,0,0,0,0,0,0,0,0,0,0,0,0,0,0,0,0,0,0,0,0,0,0,0,0,0,0,0,0,0,0,0,0,0,0,0,0
0,MWC057,0,0,,1,TRUE,FALSE,FALSE,0,0,0,0,0,0,0,2,0,1,0,0,0,0,0,0,0,0,0,0,0,0,0,0,0,0,0,0,0,0,0,0,0,0,0,0,0,0,0,0,0,0,0,0,0,0,0,0,0
0,MWC058,0,0,,0,FALSE,FALSE,FALSE,0,0,0,0,0,0,0,0,0,0,0,0,0,0,0,0,0,0,0,0,0,0,0,0,0,0,0,0,0,0,0,0,0,0,0,0,0,0,0,0,0,0,0,0,0,0,0,0,0
0,MWC059,0,0,,0,FALSE,FALSE,FALSE,0,0,0,0,0,0,0,0,0,0,0,0,0,0,0,0,0,0,0,0,0,0,0,0,0,0,0,0,0,0,0,0,0,0,0,0,0,0,0,0,0,0,0,0,0,0,0,0,0
0,MWC060,0,0,,0,FALSE,FALSE,FALSE,0,0,0,0,0,0,0,0,0,0,0,0,0,0,0,0,0,0,0,0,0,0,0,0,0,0,0,0,0,0,0,0,0,0,0,0,0,0,0,0,0,0,0,0,0,0,0,0,0
0,MWC061,1,0,good dyes,0,FALSE,FALSE,FALSE,1,0,0,0,1,1,2,1,2,1,0,0,2,0,2,2,1,1,0,0,1,2,1,0,0,0,0,0,1,1,1,1,1,1,2,1,2,1,1,2,0,1,2,2,0,0,0,0,0
hits look weak,MWC062,0,0,,0,FALSE,FALSE,FALSE,0,0,2,0,0,0,0,0,0,0,0,0,0,0,0,0,0,0,0,0,0,0,0,0,0,0,0,0,0,0,0,0,0,0,0,0,0,0,0,0,0,2,2,2,0,0,0,0,0
0,SO50X,1,0,,0,FALSE,FALSE,FALSE,2,0,0,2,1,1,2,1,2,1,0,0,0,0,0,0,0,0,0,0,0,0,0,0,0,0,0,0,0,0,0,0,0,0,0,1,0,2,1,0,0,1,0,0,0,0,0,0,0
0,SO5X,1,0,,0,FALSE,FALSE,FALSE,0,0,0,0,1,1,2,2,2,1,0,0,0,0,0,0,0,0,0,0,0,0,0,0,0,0,0,0,0,0,0,0,0,0,0,0,0,0,0,0,0,0,0,0,0,0,0,0,0
0,T001,0,0,,0,FALSE,FALSE,FALSE,0,0,0,0,0,0,0,0,0,0,0,0,0,0,0,0,0,0,0,2,0,0,0,0,0,0,0,0,0,0,0,0,0,0,0,0,0,0,0,0,0,0,0,0,0,0,0,0,0
0,T002,0,0,,0,FALSE,FALSE,FALSE,0,0,0,0,0,0,0,0,0,0,0,0,0,0,0,0,0,0,0,0,0,0,0,0,0,0,0,0,0,0,0,0,0,0,0,0,0,0,0,0,0,0,0,0,0,0,0,0,0
0,T004,1,0,,0,FALSE,FALSE,FALSE,1,0,0,0,0,0,2,0,1,0,0,0,0,0,1,1,1,1,0,0,1,1,2,0,0,0,1,0,1,1,2,2,2,2,0,1,1,1,2,0,0,0,0,0,0,0,0,0,0
0,T008,0,0,,0,FALSE,FALSE,FALSE,0,0,0,0,0,0,0,0,0,1,0,0,0,0,0,0,0,0,0,0,0,0,0,0,0,0,0,0,0,0,0,0,0,0,0,0,0,0,0,0,0,0,0,0,0,0,0,0,0
0,T009,0,0,,0,FALSE,FALSE,FALSE,0,0,0,0,0,0,0,0,0,0,0,0,0,0,0,0,0,0,0,0,0,0,0,0,0,0,0,0,0,0,0,0,0,0,0,0,0,0,0,0,0,0,0,0,0,0,0,0,0
0,T010,0,0,,0,FALSE,FALSE,FALSE,0,0,0,0,0,0,0,0,0,0,0,0,0,0,0,0,0,0,0,0,0,0,0,0,0,0,0,0,0,0,0,0,0,0,0,0,0,0,0,0,0,0,0,0,0,0,0,0,0
0,T011,0,0,,0,FALSE,FALSE,FALSE,0,0,0,0,0,0,0,0,0,0,0,0,0,0,0,0,0,0,0,0,0,0,0,0,0,0,0,0,0,0,0,0,0,0,0,0,0,0,0,0,0,0,0,0,0,0,0,0,0
0,T014,0,0,,0,FALSE,FALSE,FALSE,0,0,0,0,0,0,0,0,0,0,0,0,0,0,0,0,0,0,0,0,0,0,0,0,0,0,0,0,0,0,0,0,0,0,0,0,0,0,0,0,0,0,0,0,0,0,0,0,0
0,T016,0,0,,0,FALSE,FALSE,FALSE,0,0,0,0,0,0,0,0,0,0,0,0,0,0,0,0,0,0,0,0,0,0,0,0,0,0,0,0,0,0,0,0,0,0,0,0,0,0,0,0,0,0,0,0,0,0,0,0,0
0,T027,0,0,,1,TRUE,FALSE,FALSE,0,0,0,0,0,0,0,0,0,0,0,0,0,0,0,0,0,0,0,0,0,0,0,0,0,0,0,0,0,0,0,0,0,0,0,0,0,0,0,0,0,0,0,0,0,0,0,0,0
0,TW383,0,0,,0,FALSE,FALSE,FALSE,0,0,0,0,0,0,0,0,0,0,0,0,0,0,0,0,0,0,0,0,0,0,0,0,0,0,0,0,0,0,0,0,0,0,0,0,0,0,0,0,0,0,0,0,0,0,0,0,0
0,TW384,1,0,,0,FALSE,FALSE,FALSE,1,0,0,0,2,2,2,2,0,1,0,0,0,0,0,0,1,1,0,0,1,1,1,0,0,0,0,0,1,1,1,1,1,1,0,1,2,2,0,0,0,0,2,0,0,0,0,0,0
0,TW385,0,0,,0,FALSE,FALSE,FALSE,0,0,0,0,0,0,0,0,0,0,0,0,0,0,0,0,0,0,0,0,0,0,0,0,0,0,0,0,0,0,0,0,0,0,0,0,1,0,0,0,0,0,1,0,0,0,0,0,0
0,TW392,1,0,,0,FALSE,FALSE,FALSE,0,0,0,2,0,0,0,2,0,1,2,2,2,2,2,2,2,2,0,0,1,1,1,0,0,2,2,2,2,2,1,1,1,1,0,1,0,2,2,0,0,1,1,0,0,0,0,0,0
0,TW408,1,0,,0,FALSE,FALSE,FALSE,1,0,0,0,1,1,2,1,2,1,0,2,2,2,2,2,1,1,2,0,1,1,1,0,0,0,0,0,2,2,1,1,1,1,2,2,1,2,1,0,0,1,1,0,0,0,0,0,0
0,TW409,1,0,,0,FALSE,FALSE,FALSE,2,0,0,0,0,0,2,0,0,1,0,0,0,0,2,0,0,0,0,0,1,1,1,0,0,0,0,0,2,0,1,1,1,1,0,0,0,0,0,0,0,0,0,0,0,0,0,0,0
0,TW418,1,0,,0,FALSE,FALSE,FALSE,0,0,0,0,0,0,0,0,0,1,0,0,0,0,0,0,0,0,0,1,1,0,2,0,0,0,0,0,2,0,1,1,1,0,0,0,0,0,0,0,0,0,0,0,0,0,0,0,0
0,TW419,1,0,,0,FALSE,FALSE,FALSE,0,0,0,0,2,2,2,0,0,1,0,0,0,0,0,1,1,0,0,0,1,1,1,0,0,0,0,0,1,1,1,1,1,1,0,2,2,2,0,0,0,0,0,0,0,0,0,0,0
0,TX011,0,0,,0,FALSE,FALSE,FALSE,0,0,0,0,0,0,0,0,0,0,0,0,0,0,0,0,0,0,0,0,0,0,0,0,0,0,0,0,0,0,0,0,0,0,0,0,0,0,0,0,0,0,0,0,0,0,0,0,0
0,TX012,0,0,,0,FALSE,FALSE,FALSE,0,0,0,0,0,0,0,0,0,0,0,0,0,0,0,0,0,0,0,0,0,0,0,0,0,0,0,0,0,0,0,0,0,0,0,0,0,0,0,0,0,0,0,0,0,0,0,0,0
0,TX014,0,0,,0,FALSE,FALSE,FALSE,0,0,0,0,0,0,0,0,0,0,0,0,0,0,0,0,0,0,0,0,0,0,0,0,0,0,0,0,0,0,0,0,0,0,0,0,0,0,0,0,0,0,0,0,0,0,0,0,0
dim-bleed?,TX017,1,0,one true love,0,FALSE,FALSE,FALSE,0,0,0,0,0,0,0,0,1,0,0,0,0,0,0,0,0,0,0,0,0,0,0,0,0,0,0,0,0,0,0,0,0,0,0,0,0,0,0,0,0,0,0,0,0,0,0,0,0
0,TX018,0,0,,0,FALSE,FALSE,FALSE,0,0,0,0,0,0,0,0,0,0,0,0,0,0,0,0,0,0,0,2,0,0,0,0,0,0,0,0,0,0,0,0,0,0,0,0,0,0,0,0,0,0,0,0,0,0,0,0,0
0,TX019,1,0,,0,FALSE,FALSE,FALSE,0,0,0,0,0,0,0,0,0,0,0,0,0,0,0,0,0,0,0,0,0,0,0,0,0,0,0,0,0,0,0,0,0,0,0,2,0,1,0,0,0,0,0,0,0,0,0,0,0
0,TX020,0,0,,0,FALSE,FALSE,FALSE,0,0,0,0,0,0,0,0,0,0,0,0,0,0,0,0,0,0,0,0,0,0,0,0,0,0,0,0,0,0,0,0,0,0,0,0,0,0,0,0,0,0,0,0,0,0,0,0,0
0,TX021,1,0,,0,FALSE,FALSE,FALSE,0,0,0,0,0,0,0,0,0,0,0,0,0,0,0,0,0,0,0,0,0,0,0,0,0,0,0,0,0,0,0,0,0,0,0,0,0,1,0,0,0,0,0,0,0,0,0,0,0
0,TX022,0,0,,0,FALSE,FALSE,FALSE,0,0,0,0,0,0,0,0,0,0,0,0,0,0,0,0,0,0,0,0,0,0,0,0,0,0,0,0,0,0,0,0,0,0,0,0,0,0,0,0,0,0,0,0,0,0,0,0,0
0,TX023,0,0,,0,FALSE,FALSE,FALSE,0,0,0,0,0,0,0,0,0,0,0,0,0,0,0,0,0,0,0,0,0,0,0,0,0,0,0,0,0,0,0,0,0,0,0,0,0,0,0,0,0,0,0,0,0,0,0,0,0
0,TX024,0,0,,0,FALSE,FALSE,FALSE,0,0,0,0,0,0,0,0,0,0,0,0,0,0,0,0,0,0,0,0,0,0,0,0,0,0,0,0,0,0,0,0,0,0,0,0,0,0,0,0,0,0,0,0,0,0,0,0,0
0,W003,0,0,,0,FALSE,FALSE,FALSE,0,0,0,0,0,0,0,0,0,0,0,0,0,0,0,0,0,0,0,0,0,0,0,0,0,0,0,0,0,0,0,0,0,0,0,0,0,0,0,0,0,0,0,0,0,0,0,0,0
0,W032,0,0,,0,FALSE,FALSE,FALSE,0,0,0,0,0,0,0,0,0,0,0,0,0,0,0,0,0,0,0,1,0,0,0,0,0,0,0,0,0,0,0,0,0,0,0,0,0,0,0,0,0,0,0,0,0,0,0,0,0
0,W086,0,0,,0,FALSE,FALSE,FALSE,0,0,0,0,0,0,0,0,0,0,0,0,0,0,0,0,0,0,0,0,0,0,0,0,0,0,0,0,0,0,0,0,0,0,0,0,0,0,0,0,0,0,0,0,0,0,0,0,0
0,W094,0,0,,0,FALSE,FALSE,FALSE,0,0,0,0,0,0,0,0,0,0,0,0,0,0,0,0,0,0,0,0,0,0,0,0,0,0,0,0,0,0,0,0,0,0,0,0,0,0,0,0,0,0,0,0,0,0,0,0,0
0,W097,0,0,,0,FALSE,FALSE,FALSE,0,0,0,0,0,0,0,0,0,0,0,0,0,0,0,0,0,0,0,0,0,0,0,0,0,0,0,0,0,0,0,0,0,0,0,0,0,0,0,0,0,0,0,0,0,0,0,0,0
0,WD01,0,0,,0,FALSE,FALSE,FALSE,0,0,0,0,0,0,0,0,0,0,0,0,0,0,0,0,0,0,0,0,0,0,0,0,0,0,0,0,0,0,0,0,0,0,0,0,0,0,0,0,0,0,0,0,0,0,0,0,0
0,WD02,0,0,,0,FALSE,FALSE,FALSE,0,0,0,0,0,0,0,0,0,0,0,0,0,0,0,0,0,0,0,0,0,0,0,0,0,0,0,0,0,0,0,0,0,0,0,0,0,0,0,0,0,0,0,0,0,0,0,0,0
0,WD03,0,0,,0,FALSE,FALSE,FALSE,0,0,0,0,0,0,0,0,0,2,0,0,0,0,0,0,0,0,0,0,0,0,0,0,0,0,0,0,0,0,0,0,0,0,0,0,0,0,0,0,0,0,0,0,0,0,0,0,0
0,WD04,0,0,,0,FALSE,FALSE,FALSE,0,0,0,0,0,0,0,0,0,0,0,0,0,0,0,0,0,0,0,0,0,0,0,0,0,0,0,0,0,0,0,0,0,0,0,0,0,0,0,0,0,0,0,0,0,0,0,0,0
0,SYPRO,0,0,,0,FALSE,FALSE,FALSE,2,0,0,2,1,1,2,2,2,1,0,0,0,0,0,0,0,0,0,0,0,0,0,0,0,0,0,0,0,0,0,0,0,0,0,1,0,2,1,0,0,0,0,0,0,0,0,0,0
0,TW495,1,0,,0,FALSE,FALSE,FALSE,1,0,0,0,2,2,2,0,2,1,2,2,2,2,1,2,1,1,1,0,1,1,1,0,0,0,0,0,1,2,1,1,1,1,2,2,1,2,1,0,0,1,0,0,0,0,0,0,0